Name,Date time,Maximum Temperature,Minimum Temperature,Temperature,Wind Chill,Heat Index,Precipitation,Snow,Snow Depth,Wind Speed,Wind Direction,Wind Gust,Visibility,Cloud Cover,Relative Humidity,Conditions
"Washington, DC, United States",01-01-2018,23.9,12.5,18.4,0.7,,0,0,0,19.2,315.63,26.4,9.9,24.8,47.15,Clear
"Washington, DC, United States",01-02-2018,25.9,12.5,18.4,-1.1,,0,0,0,13.8,269.92,20.8,9.9,6.1,42.95,Clear
"Washington, DC, United States",01-03-2018,35,13.3,24.6,7.8,,0,0.72,0.72,8.8,96.29,,9.9,61.2,53.41,"Snow, Partially cloudy"
"Washington, DC, United States",01-04-2018,26.8,16,23.8,1.9,,0.31,0.43,1.15,28.2,298.21,43.5,7.3,76.3,61.85,"Snow, Overcast"
"Washington, DC, United States",01-05-2018,20.7,12.7,16,-4.5,,0.01,0.41,1.08,23.1,295.13,37.7,9.9,16.2,37.97,Snow
"Washington, DC, United States",01-06-2018,19.8,10.8,15,-5.3,,0,0.55,0.8,21.8,304.42,31.9,9.9,11,38.28,Snow
"Washington, DC, United States",01-07-2018,22.9,8.6,16,-4.1,,0,0.57,1.18,12.5,245.75,23,9.9,38.4,44.03,"Snow, Partially cloudy"
"Washington, DC, United States",01-08-2018,38.9,18.9,28.7,8.7,,0.06,0,1.18,11.2,193.13,18.3,9.9,92.3,56.96,"Rain, Overcast"
"Washington, DC, United States",01-09-2018,50.9,30.6,37.6,23.2,,0,0,0.39,12.4,168.29,17.2,6.8,69.6,83.22,Partially cloudy
"Washington, DC, United States",01-10-2018,42.9,28,36.4,22.7,,0,0,0,6.8,89.08,,9.9,81.6,71.77,Overcast
"Washington, DC, United States",01-11-2018,62.2,39,49.5,40.5,,0,0,0,10.4,98.63,,9.8,97.2,75.4,Overcast
"Washington, DC, United States",01-12-2018,64.2,57.1,60.8,,,0.33,0,0,19.5,178.42,28.9,8,99,97.56,"Rain, Overcast"
"Washington, DC, United States",01/13/2018,60.9,21.8,37.2,5.7,,0.12,0,0,24.6,307.92,40.5,9.5,60.2,62.49,"Rain, Partially cloudy"
"Washington, DC, United States",01/14/2018,27.9,16.9,22,2.3,,0,0,0,19.2,274.17,26.4,9.9,34.7,42.32,Partially cloudy
"Washington, DC, United States",01/15/2018,31.9,17.7,25.2,6.1,,0,0,0,9.8,74.92,,9.9,78.6,63.64,Overcast
"Washington, DC, United States",01/16/2018,41,29.7,34.3,23.8,,0,0.74,0.74,6.4,106.5,,9.8,94.3,73.55,"Snow, Overcast"
"Washington, DC, United States",01/17/2018,37.7,20.8,27,6,,0.03,0.44,1.18,22.8,331.29,30,8.4,84.7,62.36,"Snow, Overcast"
"Washington, DC, United States",01/18/2018,46.8,19,31.7,4.5,,0,0.93,1.18,16,274.42,26.2,9.9,12.7,36.88,Snow
"Washington, DC, United States",01/19/2018,50.2,25.5,36.9,19.3,,0,0,0.66,13.1,155.75,18.3,9.9,23.8,50.7,Clear
"Washington, DC, United States",01/20/2018,61.9,27.7,41.5,21.4,,0,0,0.13,14.5,169.79,17.2,9.9,35.5,55.63,Partially cloudy
"Washington, DC, United States",01/21/2018,60.4,33.7,45.7,29.3,,0,0,0,11.2,139.38,,9.9,65.9,67.75,Partially cloudy
"Washington, DC, United States",01/22/2018,63.3,48.7,54.4,45.9,,0,0,0,13.4,165.38,,9.9,92.6,62.68,Overcast
"Washington, DC, United States",01/23/2018,66,48.6,56.2,43.9,,0.09,0,0,20.6,246.79,34.4,9.4,63.9,67.78,"Rain, Partially cloudy"
"Washington, DC, United States",01/24/2018,47.6,37,43.3,28.3,,0,0,0,20.3,305.04,31.1,9.9,66,50.23,Partially cloudy
"Washington, DC, United States",01/25/2018,41.9,32.6,36,22.9,,0,0,0,19.9,307,26.8,9.9,31.4,47.8,Partially cloudy
"Washington, DC, United States",01/26/2018,49.6,27.4,37,19.8,,0,0,0,9.1,120,,9.9,27,60.97,Partially cloudy
"Washington, DC, United States",01/27/2018,62,37.7,49.8,30.9,,0,0,0,18,193.96,28.9,9.9,58.4,54.63,Partially cloudy
"Washington, DC, United States",01/28/2018,56,47.9,50.8,42.9,,0.18,0,0,14.8,105,23,7.8,99,91.06,"Rain, Overcast"
"Washington, DC, United States",01/29/2018,47.8,42,45.3,37.7,,0,0,0,17.2,46.25,21.9,9.8,93.9,67.42,Overcast
"Washington, DC, United States",01/30/2018,40.7,24.1,33.5,10.7,,0,0,0,25.9,276.5,40,9.8,59.2,52.58,Partially cloudy
"Washington, DC, United States",01/31/2018,38.8,20.8,29.4,10.1,,0,0,0,18.1,228.88,25.3,9.9,70.2,44.31,Partially cloudy
"Washington, DC, United States",02-01-2018,53.8,39.7,45.6,31.8,,0.01,0,0,15,204.42,24.2,9.9,94,48.35,"Rain, Overcast"
"Washington, DC, United States",02-02-2018,42.9,20,30.7,8.6,,0.05,0,0,24,295.21,34.4,9.9,56,51.92,"Rain, Partially cloudy"
"Washington, DC, United States",02-03-2018,34.9,17.3,26.7,9.3,,0,0,0,16.6,218.96,21.9,9.9,37.2,43.43,Partially cloudy
"Washington, DC, United States",02-04-2018,36.9,33.1,34.3,23.6,,1.13,0,0,16.5,143.96,,8.2,97.5,72.11,"Rain, Overcast"
"Washington, DC, United States",02-05-2018,37.7,28.5,33.6,19.7,,0,0,0,22.7,247.29,34.5,9.7,44.3,62.45,Partially cloudy
"Washington, DC, United States",02-06-2018,42,28.4,34.2,22.3,,0,0,0,11,167.25,,9.9,91.9,64.89,Overcast
"Washington, DC, United States",02-07-2018,42.8,32.7,35.7,26.2,,0.48,0,0,16.2,158.63,26.2,7.3,97.3,79.91,"Rain, Overcast"
"Washington, DC, United States",02-08-2018,36.9,25.9,31.9,13.1,,0,0,0,22.2,224.42,33,9.9,37,53.95,Partially cloudy
"Washington, DC, United States",02-09-2018,46,27.6,36.5,22.4,,0,0,0,10.7,126.42,19.7,9.9,82.9,67.79,Overcast
"Washington, DC, United States",02-10-2018,50,38.7,44.2,33.8,,1.04,0,0,9,160.21,,7.1,94.9,91.25,"Rain, Overcast"
"Washington, DC, United States",02-11-2018,66.9,47.3,56.2,45.8,,0.85,0,0,13.8,139.79,34.4,5.5,89.4,96.8,"Rain, Overcast"
"Washington, DC, United States",02-12-2018,63.9,38.5,48.4,32.8,,0.09,0,0,20.3,317.17,29.4,9.5,81.3,63.71,"Rain, Overcast"
"Washington, DC, United States",02/13/2018,41.8,32.7,36.9,23.9,,0,0,0,12,137.08,,9.9,71.4,53.61,Partially cloudy
"Washington, DC, United States",02/14/2018,53.2,34.5,43,28.1,,0,0,0,12.3,175.79,,9.9,84,76.46,Overcast
"Washington, DC, United States",02/15/2018,72.9,48.9,58.6,44.7,,0.04,0,0,18.5,189.96,35.8,9.9,78.7,80.05,"Rain, Overcast"
"Washington, DC, United States",02/16/2018,67,40.9,57.6,31.9,,0.06,0,0,21.3,262.46,32.7,9.9,85.8,75.68,"Rain, Overcast"
"Washington, DC, United States",02/17/2018,42.8,33.5,36.9,26.8,,0.36,0.74,0.74,15.6,173,17.2,8.6,78,71.25,"Snow, Overcast"
"Washington, DC, United States",02/18/2018,50.7,33.9,41.2,28.1,,0,0.44,1.18,9.4,178.75,20.8,9.7,73.4,73.93,"Snow, Partially cloudy"
"Washington, DC, United States",02/19/2018,49.9,39.3,43.5,32.6,,0.02,0,0.39,11.1,182.46,,8.7,97.1,88.93,"Rain, Overcast"
"Washington, DC, United States",02/20/2018,76.9,50,62,45.6,,0,0,0,22.2,191.75,31.1,9.5,84.8,77.78,Overcast
"Washington, DC, United States",02/21/2018,80,57.3,68.6,,,0,0,0,21.3,198.38,29.8,9.8,61.5,75.8,Partially cloudy
"Washington, DC, United States",02/22/2018,67.3,43.8,54.6,37.3,,0.06,0,0,20,77.71,,9.2,98.1,74.01,"Rain, Overcast"
"Washington, DC, United States",02/23/2018,47,40.8,44.1,35.7,,0,0,0,12.4,112.83,,6.7,99,91.49,Overcast
"Washington, DC, United States",02/24/2018,52.9,47.8,50.3,45.2,,0.1,0,0,13.6,73,,4,83.5,95.99,"Rain, Overcast"
"Washington, DC, United States",02/25/2018,53,47.7,50.2,44.7,,0.19,0,0,6.9,100.88,,7,97.7,96.2,"Rain, Overcast"
"Washington, DC, United States",02/26/2018,52.9,41.3,49.6,38.6,,0,0,0,13.4,256.92,18.3,8.2,74.5,69.07,Partially cloudy
"Washington, DC, United States",02/27/2018,57.7,35.5,47.4,31.9,,0,0,0,11.2,148.92,,9.9,17.5,50.88,Clear
"Washington, DC, United States",02/28/2018,62.1,43.6,51.6,37.5,,0,0,0,16.1,187.88,23,9.9,82.5,56.39,Overcast
"Washington, DC, United States",03-01-2018,55,49.7,51.8,48.3,,0.09,0,0,9,121.04,,8.6,95,83.01,"Rain, Overcast"
"Washington, DC, United States",03-02-2018,51.9,39.8,44.8,28.2,,0.29,0,0,43,311.71,59.8,9.6,94.4,48.1,"Rain, Overcast"
"Washington, DC, United States",03-03-2018,51.9,36.9,42.9,25.8,,0.74,0,0,27.2,332.5,44.4,9.9,51.3,47.84,"Rain, Partially cloudy"
"Washington, DC, United States",03-04-2018,52.8,35,43.4,26.7,,0,0,0,22.6,319.54,29.2,9.9,35.9,41.42,Partially cloudy
"Washington, DC, United States",03-05-2018,48.6,30.7,39.6,21.8,,0,0,0,17.9,263.5,26.2,9.9,11.2,36.71,Clear
"Washington, DC, United States",03-06-2018,45.9,32.4,38.5,27.4,,0.25,0.74,0.74,12.5,120.75,,9.1,81.6,64.93,"Snow, Overcast"
"Washington, DC, United States",03-07-2018,50.6,33.9,40.6,26.8,,0.32,0.44,1.18,17.9,206.08,26.7,7.8,89.6,78.04,"Snow, Overcast"
"Washington, DC, United States",03-08-2018,44,33.9,38.5,26.9,,0,0,0.39,18.3,287.46,30.3,9.9,39.7,43.99,Partially cloudy
"Washington, DC, United States",03-09-2018,45.8,33.5,38.3,24.5,,0,0,0,19.4,290.21,29,9.9,50.9,40.22,Partially cloudy
"Washington, DC, United States",03-10-2018,47.7,31.3,40,25.1,,0,0,0,13.6,213.46,20.8,9.9,42.9,45.84,Partially cloudy
"Washington, DC, United States",03-11-2018,50.9,31.3,40.9,25,,0,0,0,10.6,124.88,,9.9,66.4,45.76,Partially cloudy
"Washington, DC, United States",03-12-2018,45.8,34.3,38.4,26.3,,0.01,0,0,20,114.83,23,9.8,91.8,64.14,"Rain, Overcast"
"Washington, DC, United States",03/13/2018,46,33,38.9,20.9,,0,0,0,25.7,307.75,35.4,9.9,50.7,48.73,Partially cloudy
"Washington, DC, United States",03/14/2018,42.9,31.8,37.2,23.7,,0,0,0,25,288.83,38.9,9.9,59,41.8,Partially cloudy
"Washington, DC, United States",03/15/2018,53.8,30.8,42,23.6,,0,0,0,22.6,269.46,34,9.9,41.4,39.44,Partially cloudy
"Washington, DC, United States",03/16/2018,46.8,34.5,39.8,24,,0,0,0,24.6,304.08,39.8,9.8,27.4,39.16,Partially cloudy
"Washington, DC, United States",03/17/2018,44.8,33.2,39.2,29.2,,0,0,0,11.3,194.5,,9.9,68.5,51.51,Partially cloudy
"Washington, DC, United States",03/18/2018,57.7,34,45.6,27.9,,0,0,0,11.2,285.08,18.3,9.9,17.8,41.62,Clear
"Washington, DC, United States",03/19/2018,55.7,35.3,46.3,30.4,,0,0,0,13.1,110.17,,9.9,87.2,53.85,Overcast
"Washington, DC, United States",03/20/2018,42.9,31.9,36.4,21.9,,0.88,0.59,0.59,26.6,39.25,34.3,5.9,99.5,84.49,"Snow, Overcast"
"Washington, DC, United States",03/21/2018,35,31.9,33.7,22.4,,0.54,1.98,1.86,17.6,216.04,31.1,5,98,88.83,"Snow, Overcast"
"Washington, DC, United States",03/22/2018,47.6,34.8,40.3,24.8,,0,0.9,2.76,20.8,317.67,33,9.8,80,52.67,"Snow, Overcast"
"Washington, DC, United States",03/23/2018,49.7,34.8,42,26.6,,0,2.77,3.15,23.3,322.29,31.8,9.9,23.9,39.19,Snow
"Washington, DC, United States",03/24/2018,50.9,33.8,42.6,27.6,,0,0,2.31,15.7,262.17,17.2,9.9,54,42.26,Partially cloudy
"Washington, DC, United States",03/25/2018,46.8,34,40.1,23.6,,0,0,0.57,16.8,50.21,19.7,9.9,73.3,57.35,Partially cloudy
"Washington, DC, United States",03/26/2018,48.6,33.4,41.1,28.2,,0,0,0,13.6,89.67,19.7,9.9,34.9,59.49,Partially cloudy
"Washington, DC, United States",03/27/2018,46.8,34.3,40.8,30.5,,0.02,0,0,9.8,157.08,31.1,9.9,95.2,67.72,"Rain, Overcast"
"Washington, DC, United States",03/28/2018,57.8,42.8,49,38.1,,0.11,0,0,7.9,142.13,,9.8,96.7,79.04,"Rain, Overcast"
"Washington, DC, United States",03/29/2018,76.1,47.8,60.4,44.7,,0,0,0,15.8,114.88,24.2,7.3,90.5,70.64,Overcast
"Washington, DC, United States",03/30/2018,73.9,46.8,62,40.9,,0,0,0,23.8,263.38,33.8,9.9,82.6,57.99,Overcast
"Washington, DC, United States",03/31/2018,60,40.4,50.4,35.6,,0,0,0,16.8,247.79,22.8,9.9,19.1,43.04,Clear
"Washington, DC, United States",04-01-2018,65.8,49.7,55.6,44.2,,0,0,0,16.7,221.75,24.2,9.9,88.4,46.79,Overcast
"Washington, DC, United States",04-02-2018,52.9,42,46.5,33.9,,0.02,0,0,21.3,80.13,24.2,9.9,98.2,69.9,"Rain, Overcast"
"Washington, DC, United States",04-03-2018,54.8,43.9,48.3,39.4,,0.01,0,0,13.5,168.71,,9.9,97.4,75.25,"Rain, Overcast"
"Washington, DC, United States",04-04-2018,70,44.8,55.4,36.6,,0,0,0,30,232.33,45.5,9.8,68.4,58.05,Partially cloudy
"Washington, DC, United States",04-05-2018,55.8,35.1,45,27.8,,0,0,0,20.9,275.79,38.6,9.9,48,35.43,Partially cloudy
"Washington, DC, United States",04-06-2018,71.6,44.6,55.9,39.8,,0,0,0,26.1,176.04,38.5,9.9,89.9,44.13,Overcast
"Washington, DC, United States",04-07-2018,66.7,37.8,46.6,31.5,,0,0,0,22.5,254.92,30.5,9.9,93.2,44.55,Overcast
"Washington, DC, United States",04-08-2018,51,34.8,42.3,24.7,,0,0,0,18.6,315.71,26.4,9.9,53.3,36.91,Partially cloudy
"Washington, DC, United States",04-09-2018,45.9,38.7,41.8,32.1,,0.01,0,0,10.7,117.67,,9.6,96.6,51.01,"Rain, Overcast"
"Washington, DC, United States",04-10-2018,54.9,37.8,46.2,31,,0.01,0,0,15.7,293.33,25.1,9.1,47.1,55.29,"Rain, Partially cloudy"
"Washington, DC, United States",04-11-2018,56.9,42.1,48.7,39.1,,0,0,0,11.4,122.21,20.8,9.9,76.4,45.15,Overcast
"Washington, DC, United States",04-12-2018,77.9,45.6,60.1,41.5,,0,0,0,25.7,191.75,37.9,9.9,70.9,46.59,Partially cloudy
"Washington, DC, United States",04/13/2018,84.7,61.1,72.4,,82.1,0,0,0,19,193.5,29.8,9.9,58.5,37.46,Partially cloudy
"Washington, DC, United States",04/14/2018,83.9,63.3,73.9,,82.7,0,0,0,18.6,189.71,34,9.9,44.8,50.16,Partially cloudy
"Washington, DC, United States",04/15/2018,69.2,47.7,56.6,40.4,,0.07,0,0,21.1,92.21,32.2,8.5,81,80.31,"Rain, Overcast"
"Washington, DC, United States",04/16/2018,61.9,47.8,53.8,42,,1.45,0,0,20.3,236.04,39.1,8.2,98.8,71.34,"Rain, Overcast"
"Washington, DC, United States",04/17/2018,47.8,40.8,44.3,33,,0,0,0,16.8,287.67,29.8,9.9,96.9,44.21,Overcast
"Washington, DC, United States",04/18/2018,62.1,35.8,49.1,30.4,,0,0,0,13.1,224.17,,9.9,18,46.56,Clear
"Washington, DC, United States",04/19/2018,55.8,44.7,51.2,39.2,,0.03,0,0,29.3,245.08,42,9.9,74.7,56.37,"Rain, Partially cloudy"
"Washington, DC, United States",04/20/2018,60,38.8,49.4,32.6,,0,0,0,18.3,318.08,27.7,9.9,1.2,37.25,Clear
"Washington, DC, United States",04/21/2018,61,41.2,51.8,38.8,,0,0,0,11.1,128.29,,9.9,60.6,41.84,Partially cloudy
"Washington, DC, United States",04/22/2018,66.5,48.2,56.6,46,,0,0,0,13.5,129.33,20.8,9.9,84.6,54.17,Overcast
"Washington, DC, United States",04/23/2018,69.2,50.4,58.9,,,0,0,0,17.2,123.17,21.9,9.9,90.1,48.85,Overcast
"Washington, DC, United States",04/24/2018,62.9,54.8,57.6,,,0.31,0,0,19.2,100.08,31.8,9.1,97.1,63.89,"Rain, Overcast"
"Washington, DC, United States",04/25/2018,65.8,55,60.3,,,0.39,0,0,13.3,161.13,,6.7,99.1,85.83,"Rain, Overcast"
"Washington, DC, United States",04/26/2018,71.7,50,61.5,48.6,,0,0,0,16.6,250.92,23.7,9.9,51.4,47.37,Partially cloudy
"Washington, DC, United States",04/27/2018,62.1,53.8,58.1,,,0.59,0,0,12.3,100.92,,8.2,88.5,76.42,"Rain, Overcast"
"Washington, DC, United States",04/28/2018,75.9,50.5,62.3,,,0,0,0,24.7,166.92,35,9.2,58.9,65.18,Partially cloudy
"Washington, DC, United States",04/29/2018,55.9,46,51.1,39.3,,0,0,0,24.7,317.58,33.1,9.9,61.9,45.43,Partially cloudy
"Washington, DC, United States",04/30/2018,72.9,42,57.7,38.7,,0,0,0,19.4,297.46,32.9,9.9,16.6,32.18,Clear
"Washington, DC, United States",05-01-2018,82,49.2,66.2,47.8,79.7,0,0,0,10.5,230.67,19.7,9.9,1.2,36.29,Clear
"Washington, DC, United States",05-02-2018,89.8,55.7,72.6,,85.8,0,0,0,15.4,194,26.1,9.9,37,41.65,Partially cloudy
"Washington, DC, United States",05-03-2018,90,64.7,76.9,,88.8,0,0,0,15.2,193.54,24.1,9.9,46.7,48.13,Partially cloudy
"Washington, DC, United States",05-04-2018,89.9,69,77.6,,89.1,0,0,0,17.6,191.63,27.7,9.9,78.9,56.91,Overcast
"Washington, DC, United States",05-05-2018,78.2,62.9,70,,,0,0,0,15.7,140,27,9.9,91.7,45.34,Overcast
"Washington, DC, United States",05-06-2018,70.7,59,64.2,,,0,0,0,14.2,222.83,,9.9,95.8,68.78,Overcast
"Washington, DC, United States",05-07-2018,75.6,57.5,66.6,,,0,0,0,12.9,135.71,,9.9,53.5,60.7,Partially cloudy
"Washington, DC, United States",05-08-2018,76.7,57.3,67.2,,,0,0,0,11,87.21,,9.9,33.9,55.83,Partially cloudy
"Washington, DC, United States",05-09-2018,78.7,56,67.2,,,0,0,0,11.1,87.92,,9.9,12.3,54.74,Clear
"Washington, DC, United States",05-10-2018,83.1,60.3,70.1,,83.6,0,0,0,12.6,192.58,23,9.9,60.9,65.79,Partially cloudy
"Washington, DC, United States",05-11-2018,83.8,61.3,73.4,,82.8,0,0,0,14.7,161.63,19.9,9.9,36.9,58.24,Partially cloudy
"Washington, DC, United States",05-12-2018,88.2,66.3,75.7,,90.4,0.13,0,0,21.3,111.63,32.7,9.8,71.7,64.37,"Rain, Partially cloudy"
"Washington, DC, United States",05/13/2018,70.8,62.8,66.1,,,0.52,0,0,14.9,73.17,,9.5,93.6,86.08,"Rain, Overcast"
"Washington, DC, United States",05/14/2018,79.7,61.9,67.7,,,1.44,0,0,21,129.63,35.7,7.7,93,83.84,"Rain, Overcast"
"Washington, DC, United States",05/15/2018,89,65.7,75.8,,94.4,0.42,0,0,29.9,196.33,41.4,9.5,83.2,72.99,"Rain, Overcast"
"Washington, DC, United States",05/16/2018,74.3,66.7,70.2,,,0.63,0,0,10.8,99.17,,9.3,97.5,87.12,"Rain, Overcast"
"Washington, DC, United States",05/17/2018,68.9,66.6,67.2,,,1.16,0,0,11.7,43.92,,5.5,98.8,90.89,"Rain, Overcast"
"Washington, DC, United States",05/18/2018,67.9,57.6,64.8,,,0.97,0,0,17.2,57.5,26.4,6.7,99.9,89.47,"Rain, Overcast"
"Washington, DC, United States",05/19/2018,71.8,56.9,63.1,,,0.71,0,0,13.6,87.88,19.7,7.6,99.8,89.08,"Rain, Overcast"
"Washington, DC, United States",05/20/2018,88.7,69.3,77.1,,89.7,0.01,0,0,13.6,203.92,19.7,9.9,83.4,72.19,"Rain, Overcast"
"Washington, DC, United States",05/21/2018,80.7,67.9,73.8,,81.8,0,0,0,14.1,73.38,,9.9,80.7,64.76,Overcast
"Washington, DC, United States",05/22/2018,77.3,65.7,69.2,,,1.2,0,0,17,149.42,25.3,9.7,93.3,80.8,"Rain, Overcast"
"Washington, DC, United States",05/23/2018,82.7,67.8,74.8,,82.7,0,0,0,20.4,289.92,30.1,9.7,70,66.57,Partially cloudy
"Washington, DC, United States",05/24/2018,85.6,63.7,73.9,,82.7,0,0,0,10.2,156.33,,9.9,8.2,53.7,Clear
"Washington, DC, United States",05/25/2018,84.8,62.5,74.8,,86.9,0,0,0,16.8,178.08,19.7,9.9,39.2,67.49,Partially cloudy
"Washington, DC, United States",05/26/2018,86.2,71.7,78.3,,90.4,0.03,0,0,13.4,189.38,,9.9,65.1,72.19,"Rain, Partially cloudy"
"Washington, DC, United States",05/27/2018,84.1,72.9,76.9,,90.2,0.01,0,0,12.1,166.13,,9.9,91.4,80.47,"Rain, Overcast"
"Washington, DC, United States",05/28/2018,70.8,63.9,67.4,,,0.02,0,0,13.2,83.71,,8.2,99.7,86.67,"Rain, Overcast"
"Washington, DC, United States",05/29/2018,82.1,68.9,74.5,,85.6,0,0,0,9.4,120,,7,89.8,82.03,Overcast
"Washington, DC, United States",05/30/2018,79.9,70.8,74.8,,,0,0,0,14.5,113.58,,9,93.5,81.82,Overcast
"Washington, DC, United States",05/31/2018,84.7,69.9,74.9,,91.2,1.68,0,0,11.2,144.17,21.7,6.6,95.2,84.49,"Rain, Overcast"
"Washington, DC, United States",06-01-2018,88.8,71.6,79.3,,92.6,0,0,0,12.1,176.21,,9.8,76.6,72.36,Overcast
"Washington, DC, United States",06-02-2018,84.5,73.6,76.8,,89,0.09,0,0,13.6,213.08,17.2,9.8,88.3,78.93,"Rain, Overcast"
"Washington, DC, United States",06-03-2018,74.6,57.6,65.9,,,1.66,0,0,21.7,42.83,31.8,7.7,98,87.66,"Rain, Overcast"
"Washington, DC, United States",06-04-2018,79.9,56.7,66.5,,,0,0,0,14.7,285.29,21.9,9.9,81,69.16,Overcast
"Washington, DC, United States",06-05-2018,82.8,60.4,72.1,,81.8,0,0,0,18.7,247.83,28.2,9.9,50.4,52.93,Partially cloudy
"Washington, DC, United States",06-06-2018,76.6,63,69.4,,,0,0,0,15.6,278.71,,9.9,76.5,58.88,Overcast
"Washington, DC, United States",06-07-2018,78.1,62.5,70.1,,,0,0,0,9.5,222.63,,9.9,71.5,64.12,Partially cloudy
"Washington, DC, United States",06-08-2018,83.1,64.4,73.7,,85.2,0.17,0,0,10.4,172.04,23,9.6,68,72.63,"Rain, Partially cloudy"
"Washington, DC, United States",06-09-2018,83.7,69.8,75.4,,87,1.34,0,0,13.6,120.92,30,9.2,75.9,79.47,"Rain, Overcast"
"Washington, DC, United States",06-10-2018,80.7,66.7,73.4,,83.8,0,0,0,16.1,111.58,,9.4,89.7,81.37,Overcast
"Washington, DC, United States",06-11-2018,65.8,60.8,63.6,,,0.41,0,0,14.3,46.08,,8.8,99.6,83.35,"Rain, Overcast"
"Washington, DC, United States",06-12-2018,77.8,57.4,67.6,,,0,0,0,11.7,131.54,,9.9,68.4,70.21,Partially cloudy
"Washington, DC, United States",06/13/2018,83.8,67.7,75.3,,88.8,0,0,0,14.4,197,21.9,9.7,87.9,77.14,Overcast
"Washington, DC, United States",06/14/2018,85.8,74.8,80.1,,83.3,0,0,0,18.3,288,26.9,9.9,59.4,45.97,Partially cloudy
"Washington, DC, United States",06/15/2018,83.8,67.6,76.5,,81.9,0,0,0,17.2,289.46,25.3,9.9,41.3,43.08,Partially cloudy
"Washington, DC, United States",06/16/2018,87.8,64.1,76.1,,86.1,0,0,0,10,166.08,18.3,9.9,40.2,55.29,Partially cloudy
"Washington, DC, United States",06/17/2018,88.8,73.4,80.6,,92,0,0,0,8.1,125.21,,9.9,81.9,62.16,Overcast
"Washington, DC, United States",06/18/2018,89.8,74,82.5,,99.1,0,0,0,15,161.91,,9.9,78.2,69.59,Overcast
"Washington, DC, United States",06/19/2018,92.8,77.9,82.7,,100.9,0.81,0,0,16.6,224.17,27.7,9.4,72.8,70.95,"Rain, Partially cloudy"
"Washington, DC, United States",06/20/2018,84,73.6,78.2,,85.7,0.36,0,0,10.6,153.29,,9.8,83.3,62.87,"Rain, Overcast"
"Washington, DC, United States",06/21/2018,84.5,72.7,78,,88.5,0,0,0,11,131.38,,9.9,91.8,75.11,Overcast
"Washington, DC, United States",06/22/2018,77.7,67.8,71.4,,,0.41,0,0,13.4,76.38,24,8.5,98.8,81.71,"Rain, Overcast"
"Washington, DC, United States",06/23/2018,80.2,66.7,72.8,,83.2,0.15,0,0,10,100.88,,7.6,89,85.97,"Rain, Overcast"
"Washington, DC, United States",06/24/2018,89.8,70.6,78.3,,92.4,1.86,0,0,11.2,160.67,17.2,9.6,75,76.1,"Rain, Partially cloudy"
"Washington, DC, United States",06/25/2018,83.8,70.8,77,,84.4,1.19,0,0,15.7,230.58,,9.8,72,64.08,"Rain, Partially cloudy"
"Washington, DC, United States",06/26/2018,82.5,65.3,73.8,,82.8,0,0,0,13.7,99.88,,9.9,78.1,58.24,Overcast
"Washington, DC, United States",06/27/2018,81,70.6,75.5,,85.1,0.04,0,0,14.5,172.88,19.7,9.9,93.1,75.47,"Rain, Overcast"
"Washington, DC, United States",06/28/2018,88,74.9,81.2,,90.4,0,0,0,13.2,263.08,21.9,9.9,67.1,68.16,Partially cloudy
"Washington, DC, United States",06/29/2018,91.6,72.7,82.3,,94.6,0,0,0,10.1,212.42,,9.9,49.2,58.5,Partially cloudy
"Washington, DC, United States",06/30/2018,91.1,72.5,82.2,,93.8,0,0,0,12,163.63,,9.8,52.8,65.98,Partially cloudy
"Washington, DC, United States",07-01-2018,92.9,74.3,83.5,,99.8,0,0,0,12.4,178.75,,9.9,40.9,68.71,Partially cloudy
"Washington, DC, United States",07-02-2018,95,77.6,86.5,,107.8,0,0,0,12.4,171.17,,9.2,21.9,70.38,Clear
"Washington, DC, United States",07-03-2018,96,81.4,88.1,,109.5,0,0,0,13.9,145.58,20.8,9.8,50.9,66.38,Partially cloudy
"Washington, DC, United States",07-04-2018,92.5,79.5,85.8,,100.4,0,0,0,11.2,126.13,,9.9,75.2,66.55,Overcast
"Washington, DC, United States",07-05-2018,91.1,79.5,85.1,,100.5,0,0,0,12.2,170.63,17.2,9.9,80.9,69.8,Overcast
"Washington, DC, United States",07-06-2018,87.1,79.8,83,,94.4,0,0,0,12.3,228.96,18.3,9.9,77.4,69.59,Overcast
"Washington, DC, United States",07-07-2018,81.7,68.8,75.3,,81.7,0,0,0,18,51.83,30.7,9.9,56.2,46.75,Partially cloudy
"Washington, DC, United States",07-08-2018,84.5,63.2,74.5,,82.3,0,0,0,12.5,108.46,18.3,9.9,6.1,49.27,Clear
"Washington, DC, United States",07-09-2018,87.1,64,77,,85.6,0,0,0,12.3,166.63,17.2,9.9,9.1,48.72,Clear
"Washington, DC, United States",07-10-2018,94.9,70.6,84,,96.8,0,0,0,13.5,251.38,19.7,9.9,26.7,48.67,Partially cloudy
"Washington, DC, United States",07-11-2018,92.7,77.9,85.3,,92.4,0,0,0,14.5,204.71,17.2,9.9,70.7,46.39,Partially cloudy
"Washington, DC, United States",07-12-2018,90.4,72.5,80.7,,88.6,0,0,0,11.6,51.33,,9.9,41.3,47.75,Partially cloudy
"Washington, DC, United States",07/13/2018,87.8,71,79,,87,0,0,0,10.4,107.08,,9.9,49.3,58.95,Partially cloudy
"Washington, DC, United States",07/14/2018,90.9,70.1,80.3,,89.1,0,0,0,12.7,189.17,,9.9,11,50.32,Clear
"Washington, DC, United States",07/15/2018,87.6,73.5,80.2,,92.7,0,0,0,11.1,201.58,,9.9,70.9,60.86,Partially cloudy
"Washington, DC, United States",07/16/2018,96.1,75.2,83.5,,103.1,0,0,0,18.4,132.46,32.2,9.9,53.5,66.58,Partially cloudy
"Washington, DC, United States",07/17/2018,89.2,74.1,81.7,,98.2,1.46,0,0,18.9,194.42,40.6,9.7,75.8,74.33,"Rain, Overcast"
"Washington, DC, United States",07/18/2018,87.8,70,79.4,,86,0,0,0,14.7,322.5,19.7,9.9,46.4,51.71,Partially cloudy
"Washington, DC, United States",07/19/2018,87,70.5,78.8,,85.1,0,0,0,13.1,154.08,,9.9,58.4,49.22,Partially cloudy
"Washington, DC, United States",07/20/2018,84.7,70.9,78,,84.7,0,0,0,12.2,129.58,17.2,9.9,79.3,58.54,Overcast
"Washington, DC, United States",07/21/2018,75.4,69,71.8,,,2.8,0,0,21.8,72.38,31,6.4,97.8,82.84,"Rain, Overcast"
"Washington, DC, United States",07/22/2018,82,64.7,72.2,,86.8,1.19,0,0,14.6,149.08,24.2,9.9,87.8,82.84,"Rain, Overcast"
"Washington, DC, United States",07/23/2018,83.8,74.8,79.3,,89.4,0.31,0,0,19,131.58,27.3,9.6,91.4,79.97,"Rain, Overcast"
"Washington, DC, United States",07/24/2018,82.6,74.8,77.7,,88.4,0.33,0,0,13.5,141.92,22.8,9.3,93.5,84.27,"Rain, Overcast"
"Washington, DC, United States",07/25/2018,85.5,74.1,77.3,,92.3,0.65,0,0,13,166.46,,9.6,96.3,82.91,"Rain, Overcast"
"Washington, DC, United States",07/26/2018,88.1,73,79.8,,92.2,0,0,0,12.1,216.71,,9.9,71.2,72.7,Partially cloudy
"Washington, DC, United States",07/27/2018,89.9,75.4,79.6,,97,0,0,0,13.9,148.92,34.4,9.8,67.8,74.6,Partially cloudy
"Washington, DC, United States",07/28/2018,87,71.7,79.7,,88.2,0,0,0,12.2,272.17,19.7,9.9,59.4,61.74,Partially cloudy
"Washington, DC, United States",07/29/2018,84.7,69.7,77.7,,85.3,0,0,0,9.7,162.21,,9.9,61.9,59.53,Partially cloudy
"Washington, DC, United States",07/30/2018,77.8,71.7,74.3,,,0.39,0,0,15.3,76.63,23,9.4,89.5,76.54,"Rain, Overcast"
"Washington, DC, United States",07/31/2018,83.7,71,76.5,,88.7,0.03,0,0,8.8,101.92,19.7,9.5,93.8,80.52,"Rain, Overcast"
"Washington, DC, United States",08-01-2018,87.9,73.8,80.9,,94.6,0.26,0,0,18.9,198,26.4,9.8,72.2,75.69,"Rain, Partially cloudy"
"Washington, DC, United States",08-02-2018,84.6,74.8,77.7,,91.4,0.6,0,0,10.2,187,,9.1,89.7,82.6,"Rain, Overcast"
"Washington, DC, United States",08-03-2018,83.3,73,77.2,,88.1,0.28,0,0,15.6,182.88,23,9.3,90,83.01,"Rain, Overcast"
"Washington, DC, United States",08-04-2018,88.9,73,79.8,,91.7,0.1,0,0,11,219.5,,9.6,65.3,73.68,"Rain, Partially cloudy"
"Washington, DC, United States",08-05-2018,90.1,73.6,81,,97,0,0,0,10.8,167.83,28.9,9.5,47.8,74.49,Partially cloudy
"Washington, DC, United States",08-06-2018,90,74.4,81.1,,98.1,0.18,0,0,11.7,164.29,,9.7,53.3,74.43,"Rain, Partially cloudy"
"Washington, DC, United States",08-07-2018,89.2,74.6,80.8,,99.1,0.11,0,0,10,162.71,,9.8,66.4,77.23,"Rain, Partially cloudy"
"Washington, DC, United States",08-08-2018,93.3,74.4,83.2,,99.7,0,0,0,11,173,,9.7,58.8,70.34,Partially cloudy
"Washington, DC, United States",08-09-2018,91.7,74.8,83.3,,95.1,0,0,0,13.3,309.25,17.6,9.9,63.7,61.07,Partially cloudy
"Washington, DC, United States",08-10-2018,91.6,75.4,83.3,,94.5,0,0,0,11,227.33,,9.8,55.4,61.11,Partially cloudy
"Washington, DC, United States",08-11-2018,89.8,77.7,81.8,,95.3,0.01,0,0,13,172.63,,9.9,81.7,70.17,"Rain, Overcast"
"Washington, DC, United States",08-12-2018,85.7,74,77.8,,90.5,0.33,0,0,10.9,121.46,,9.5,86,78.59,"Rain, Overcast"
"Washington, DC, United States",08/13/2018,85.8,73.6,77.5,,89.9,0.01,0,0,15.8,243.63,40.5,9.6,78.4,75.48,"Rain, Overcast"
"Washington, DC, United States",08/14/2018,85.9,69.6,77.4,,86.4,0,0,0,15.5,276.96,20.8,9.9,62.7,63.63,Partially cloudy
"Washington, DC, United States",08/15/2018,90.8,72.6,81.7,,91.8,0,0,0,13.3,275.25,20.8,9.9,52.1,60.09,Partially cloudy
"Washington, DC, United States",08/16/2018,89.9,72.3,81.6,,97,0,0,0,12.5,194.08,,9.9,77.7,70.85,Overcast
"Washington, DC, United States",08/17/2018,92.8,77.5,83.4,,102.9,0,0,0,13.9,194.13,23,9.8,74.9,71.81,Partially cloudy
"Washington, DC, United States",08/18/2018,89,76.4,82,,94.3,0,0,0,12.4,251.63,24.2,9.9,80.6,66.31,Overcast
"Washington, DC, United States",08/19/2018,85.7,71.8,78.2,,87.1,0,0,0,15.7,236.92,,9.9,72.8,69.03,Partially cloudy
"Washington, DC, United States",08/20/2018,80.7,71.6,75.6,,83.8,0,0,0,12,60.67,,9.9,95.2,77.04,Overcast
"Washington, DC, United States",08/21/2018,81.9,74.7,77,,88.4,2.6,0,0,17.7,124.5,40.3,8.7,93.4,83.84,"Rain, Overcast"
"Washington, DC, United States",08/22/2018,84.6,71.7,78.1,,85.6,0.09,0,0,10.6,265.17,24.2,9.8,58.6,70.67,"Rain, Partially cloudy"
"Washington, DC, United States",08/23/2018,79.9,65.7,72.9,,,0,0,0,16.9,311.46,21.9,9.9,20.9,53.88,Clear
"Washington, DC, United States",08/24/2018,82.8,64.3,73.9,,81.9,0,0,0,10.6,163.21,,9.9,20.2,58.67,Clear
"Washington, DC, United States",08/25/2018,81.9,66,74,,82.6,0,0,0,11.1,136.33,,9.9,70.7,62.58,Partially cloudy
"Washington, DC, United States",08/26/2018,86,67.4,77.1,,90.4,0,0,0,14.4,165.96,,9.9,49.9,69.04,Partially cloudy
"Washington, DC, United States",08/27/2018,91,74.3,82.3,,101.6,0,0,0,9.8,166.71,,9.7,69.5,75.2,Partially cloudy
"Washington, DC, United States",08/28/2018,92.9,77.5,84.3,,103,0,0,0,11.2,176.58,,8.1,44.8,75.13,Partially cloudy
"Washington, DC, United States",08/29/2018,93.6,78.6,85.3,,104.2,0,0,0,13.4,178.63,,9.1,53.2,73.58,Partially cloudy
"Washington, DC, United States",08/30/2018,91.8,78.4,85,,95.2,0,0,0,11.3,194.17,,9.9,58.4,61.76,Partially cloudy
"Washington, DC, United States",08/31/2018,88.8,75.8,82.8,,95.6,0.21,0,0,15.1,111.13,18.3,9.7,79.6,71.15,"Rain, Overcast"
"Washington, DC, United States",09-01-2018,86.8,74.7,78.9,,94.3,0.99,0,0,14.7,71.83,33.3,9.4,89.7,81.63,"Rain, Overcast"
"Washington, DC, United States",09-02-2018,88.9,73.8,80.4,,96.9,0,0,0,6.9,177.71,,9.9,71.2,76.54,Partially cloudy
"Washington, DC, United States",09-03-2018,91.9,77.7,84.3,,103.9,0,0,0,12.1,177.71,,9.9,46,75.03,Partially cloudy
"Washington, DC, United States",09-04-2018,93.6,78.5,84.3,,102.9,0,0,0,16.4,130.79,,9.9,55.1,73.86,Partially cloudy
"Washington, DC, United States",09-05-2018,91.9,77.5,84.5,,102.7,0,0,0,9.8,129.63,,9.9,30.5,72.36,Partially cloudy
"Washington, DC, United States",09-06-2018,92.8,77.7,85,,99.2,0,0,0,12.3,187.33,,9.9,24.9,68.94,Clear
"Washington, DC, United States",09-07-2018,89.6,73.1,80,,96.1,2.5,0,0,12.4,116.29,29.8,8.8,64.5,73.53,"Rain, Partially cloudy"
"Washington, DC, United States",09-08-2018,75.6,64.9,71.1,,,0.24,0,0,19.7,137.29,27.7,9.1,93.8,86.67,"Rain, Overcast"
"Washington, DC, United States",09-09-2018,66.6,61.9,64.4,,,1.44,0,0,20.9,42.96,29.9,7.1,95.6,87.67,"Rain, Overcast"
"Washington, DC, United States",09-10-2018,74.9,64.8,69.6,,,0.03,0,0,13.6,78.92,21.9,8.6,95.3,87.7,"Rain, Overcast"
"Washington, DC, United States",09-11-2018,75.7,71,73.3,,,0,0,0,9.8,166.42,,6.4,92.1,89.3,Overcast
"Washington, DC, United States",09-12-2018,84.4,70.9,76.3,,91,0.03,0,0,8.8,99.5,,7.9,89.1,82.17,"Rain, Overcast"
"Washington, DC, United States",09/13/2018,80.8,73.9,76.2,,85.5,0,0,0,13.9,43.17,,9.8,91.1,85.36,Overcast
"Washington, DC, United States",09/14/2018,78,71.8,74.3,,,0,0,0,18.9,48.96,,9.2,98.9,86.04,Overcast
"Washington, DC, United States",09/15/2018,81,69.9,75.1,,84.1,0,0,0,13.9,56.29,,9.6,96.4,80.18,Overcast
"Washington, DC, United States",09/16/2018,82,69.8,74.5,,85.5,0,0,0,14.5,58.42,,9.3,81.4,78.96,Overcast
"Washington, DC, United States",09/17/2018,80.1,72,76.3,,84.3,0.4,0,0,12.8,127.88,20.8,9.2,96,87.95,"Rain, Overcast"
"Washington, DC, United States",09/18/2018,82.6,74.9,78,,88.4,0.99,0,0,16.8,239.5,24.2,9.7,85.3,80.54,"Rain, Overcast"
"Washington, DC, United States",09/19/2018,86.9,72.7,78.6,,89.3,0,0,0,14.7,215.32,20.8,9.9,33.1,68.18,Partially cloudy
"Washington, DC, United States",09/20/2018,82.7,70.1,75.3,,86.3,0,0,0,12.3,123.55,,9.9,68.4,76.85,Partially cloudy
"Washington, DC, United States",09/21/2018,78.1,68,72.9,,,0.19,0,0,12.4,176.71,,9.6,88.4,81.25,"Rain, Overcast"
"Washington, DC, United States",09/22/2018,79.9,65.6,73.6,,,0.01,0,0,15.3,183.5,21.9,9.9,82.7,71.94,"Rain, Overcast"
"Washington, DC, United States",09/23/2018,64.9,60.9,63.3,,,0.63,0,0,12.6,26.33,,7.2,99.6,85.26,"Rain, Overcast"
"Washington, DC, United States",09/24/2018,67.8,62.9,65.3,,,0.3,0,0,14.7,49.04,23,6.8,100,89.29,"Rain, Overcast"
"Washington, DC, United States",09/25/2018,80.8,66.7,73.4,,84.7,0.17,0,0,11,136.17,,9,92.1,86.72,"Rain, Overcast"
"Washington, DC, United States",09/26/2018,85.9,72,77,,91.6,0.22,0,0,19.7,200.08,25.3,8.7,78.6,82.31,"Rain, Overcast"
"Washington, DC, United States",09/27/2018,73.8,58.8,65.2,,,0.38,0,0,12.2,95.33,,8.7,97.4,78.01,"Rain, Overcast"
"Washington, DC, United States",09/28/2018,75.6,59.8,65.9,,,0.64,0,0,11.2,241.83,,9,81,75.67,"Rain, Overcast"
"Washington, DC, United States",09/29/2018,79.8,62.8,70.1,,,0,0,0,13.6,252.42,17.2,9.9,45.8,68.24,Partially cloudy
"Washington, DC, United States",09/30/2018,75.8,59.9,67.9,,,0,0,0,9,116.63,,9.9,50.5,69.73,Partially cloudy
"Washington, DC, United States",10-01-2018,81,63.7,71.1,,83.4,0,0,0,10.9,181.46,,9.9,34.9,78.52,Partially cloudy
"Washington, DC, United States",10-02-2018,83.7,66.5,73.9,,86.4,0,0,0,13.5,188.54,17.2,9.9,69.9,76.27,Partially cloudy
"Washington, DC, United States",10-03-2018,85.8,68.8,76,,88.1,0,0,0,11.6,162.42,,9.7,60.7,73.5,Partially cloudy
"Washington, DC, United States",10-04-2018,87.2,68.9,75.7,,91.6,0,0,0,18.3,101.96,,9.2,59.3,77.91,Partially cloudy
"Washington, DC, United States",10-05-2018,76.5,65.7,70.1,,,0,0,0,15.3,41.67,16.1,9.9,99,73.72,Overcast
"Washington, DC, United States",10-06-2018,74.7,65.7,70.6,,,0,0,0,8.6,91.38,,8.5,99.1,82.57,Overcast
"Washington, DC, United States",10-07-2018,82.2,70.9,74.9,,87.2,0,0,0,9.4,180.71,,9,65.6,85.54,Partially cloudy
"Washington, DC, United States",10-08-2018,83,70.9,76.2,,88.3,0,0,0,11.4,116.33,,8.7,49.9,82.39,Partially cloudy
"Washington, DC, United States",10-09-2018,82,71.7,76.1,,85.5,0,0,0,7.8,97.71,,9.8,79.9,80.58,Overcast
"Washington, DC, United States",10-10-2018,82.1,72.9,76.8,,86.5,0,0,0,10.3,145.5,,9.8,89.2,81.16,Overcast
"Washington, DC, United States",10-11-2018,82.1,72.8,76.7,,88.2,1.38,0,0,20.4,193.5,29.8,8.2,96.9,85.53,"Rain, Overcast"
"Washington, DC, United States",10-12-2018,71.7,54.7,61.8,,,0.32,0,0,25.9,331.08,42.9,9.9,41.8,56.16,"Rain, Partially cloudy"
"Washington, DC, United States",10/13/2018,60,49.6,55.5,47,,0.02,0,0,18.9,256,24.8,9.9,74.2,59.6,"Rain, Partially cloudy"
"Washington, DC, United States",10/14/2018,60,47.6,54.5,45.1,,0.01,0,0,8.6,173,,9.9,87,70.33,"Rain, Overcast"
"Washington, DC, United States",10/15/2018,73.7,57.7,64.7,,,0.17,0,0,15.7,204.08,22,8.9,93.9,83.93,"Rain, Overcast"
"Washington, DC, United States",10/16/2018,71,55.8,59.8,,,0,0,0,21.8,300.54,28.3,9.9,88.8,56.05,Overcast
"Washington, DC, United States",10/17/2018,69,53.7,60.5,,,0,0,0,17.2,280.83,30.8,9.9,64.5,50.48,Partially cloudy
"Washington, DC, United States",10/18/2018,58.7,47.9,53.2,44.2,,0,0,0,15.6,315.96,26.4,9.9,33.1,45.71,Partially cloudy
"Washington, DC, United States",10/19/2018,64.9,43.3,54.3,41,,0,0,0,14.9,156.67,24.2,9.9,36.4,64.35,Partially cloudy
"Washington, DC, United States",10/20/2018,67.8,55.8,60.1,,,0.09,0,0,14.7,240.54,33.5,9.9,88.4,73.05,"Rain, Overcast"
"Washington, DC, United States",10/21/2018,53.8,44.5,50.5,39.9,,0.01,0,0,23,305.08,39.1,9.9,64.1,50.15,"Rain, Partially cloudy"
"Washington, DC, United States",10/22/2018,56.8,38.2,48,33.7,,0,0,0,15.7,203.13,23,9.9,32.6,58.62,Partially cloudy
"Washington, DC, United States",10/23/2018,70.9,44.5,57,42.1,,0,0,0,14.6,240.33,23,9.9,31.5,57.58,Partially cloudy
"Washington, DC, United States",10/24/2018,57.5,45.6,51.8,41,,0,0,0,20,322.79,26.7,9.9,34.1,48.24,Partially cloudy
"Washington, DC, United States",10/25/2018,53.8,40.2,47.1,34.3,,0,0,0,11.2,285.54,17.2,9.9,57.8,56.48,Partially cloudy
"Washington, DC, United States",10/26/2018,49.8,44.4,47.7,39.7,,0.52,0,0,17.4,60.38,,9.3,96.2,77.45,"Rain, Overcast"
"Washington, DC, United States",10/27/2018,53.8,48.8,51.6,44.4,,0.66,0,0,19.2,205.04,26.4,7.3,96.8,84.28,"Rain, Overcast"
"Washington, DC, United States",10/28/2018,60.9,49.8,54.4,47.7,,0.02,0,0,13.7,221.83,21.9,9.9,88.9,71.69,"Rain, Overcast"
"Washington, DC, United States",10/29/2018,60.9,48,54.4,45.1,,0,0,0,17.4,254.75,27.4,9.9,66.2,62.36,Partially cloudy
"Washington, DC, United States",10/30/2018,63.9,43.5,53.1,40.4,,0,0,0,11.5,232.08,22.2,9.9,22.4,63.13,Clear
"Washington, DC, United States",10/31/2018,69,47.4,56.1,45.4,,0,0,0,12.3,172.75,18.3,9.9,73.4,73.3,Partially cloudy
"Washington, DC, United States",11-01-2018,74,56.6,64.3,,,0,0,0,23.2,192,30.5,9.9,69.8,73.56,Partially cloudy
"Washington, DC, United States",11-02-2018,73,55.9,67.7,,,0.72,0,0,14.5,194.33,35.4,9.4,88.6,79.03,"Rain, Overcast"
"Washington, DC, United States",11-03-2018,60,48,55.2,46.4,,0.04,0,0,19.4,285.83,31.3,9.9,54.9,59.24,"Rain, Partially cloudy"
"Washington, DC, United States",11-04-2018,58.7,42.3,50.5,39.9,,0,0,0,8.9,106.04,,9.9,32.5,63.56,Partially cloudy
"Washington, DC, United States",11-04-2018,57.6,52.9,54.4,,,1.45,0,0,11.5,188.88,,6.3,99.6,86.3,"Rain, Overcast"
"Washington, DC, United States",11-05-2018,60.9,53.9,56.9,,,0.53,0,0,11.7,196.96,,5.9,79.7,91.6,"Rain, Overcast"
"Washington, DC, United States",11-06-2018,63.8,48.3,56.7,45.9,,0,0,0,9.7,210.21,,9.9,50.4,70.14,Partially cloudy
"Washington, DC, United States",11-07-2018,60.8,50.4,54.9,,,0,0,0,16.1,171.54,23,9.8,81.3,51.66,Overcast
"Washington, DC, United States",11-08-2018,51.9,45.9,49.3,41.5,,0.53,0,0,11,155.04,,8.2,99.2,77.89,"Rain, Overcast"
"Washington, DC, United States",11-09-2018,48.7,35.5,43.6,29.8,,0,0,0,29.2,310.38,38.6,9.9,40.7,50.45,Partially cloudy
"Washington, DC, United States",11-10-2018,47.8,31.6,38.7,24.1,,0,0,0,8.8,219.96,,9.9,0,51.12,Clear
"Washington, DC, United States",11-11-2018,49.8,35.4,42.8,31.8,,0.36,0,0,7,107.17,,9.4,87.7,74.49,"Rain, Overcast"
"Washington, DC, United States",11-12-2018,49.8,44,46.5,37.3,,0.57,0,0,15.8,273.71,21.9,8.2,98.3,77.57,"Rain, Overcast"
"Washington, DC, United States",11/13/2018,45.9,38.7,42,30.8,,0,0,0,15.5,269,20.8,9.9,88.6,50.12,Overcast
"Washington, DC, United States",11/14/2018,40.8,33,37,22.7,,1.08,0,0,21.2,42.33,30.1,5.9,93.8,74.93,"Rain, Overcast"
"Washington, DC, United States",11/15/2018,53,37,43.9,27.2,,0.1,1.13,1.13,17.9,294.38,32.2,9.1,56,65.49,"Snow, Partially cloudy"
"Washington, DC, United States",11/16/2018,50.9,40.5,45,35.7,,0,0,0.44,15.4,299.5,26.2,9.9,46.9,58.06,Partially cloudy
"Washington, DC, United States",11/17/2018,51.1,34.5,43.1,41.2,,0,0,0,9.1,107.67,,9.3,77.5,74.59,Overcast
"Washington, DC, United States",11/18/2018,59.1,39.6,48.4,37.4,,0,0,0,8.2,172.29,,9.8,72,76.69,Partially cloudy
"Washington, DC, United States",11/19/2018,54.9,43.7,49.4,38.4,,0,0,0,26.7,289.58,36.9,9.8,74.4,65.38,Partially cloudy
"Washington, DC, United States",11/20/2018,54.8,33.5,43.4,26.3,,0,0,0,19.8,254.79,27.2,9.9,28.7,54.36,Partially cloudy
"Washington, DC, United States",11/21/2018,41.9,29.5,34.3,19.4,,0,0,0,17.6,250.33,20.8,9.9,71.9,41.97,Partially cloudy
"Washington, DC, United States",11/22/2018,35.1,27.9,31.4,19.6,,0,0,0,11.8,116.75,,9.9,99.3,37.02,Overcast
"Washington, DC, United States",11/23/2018,46.8,32.8,40,28.8,,1.34,0,0,17,117.75,24.2,8.3,97.9,73.82,"Rain, Overcast"
"Washington, DC, United States",11/24/2018,58.2,38.6,47,34.8,,0.13,0,0,11,205.83,,9.9,56.8,77.52,"Rain, Partially cloudy"
"Washington, DC, United States",11/25/2018,51.9,43.8,49.1,38.5,,0.34,0,0,15.9,182.29,24.2,8.9,88.5,79.82,"Rain, Overcast"
"Washington, DC, United States",11/26/2018,42.9,36.9,40.7,27.8,,0,0,0,21.8,287.92,36.6,9.9,61.9,49.82,Partially cloudy
"Washington, DC, United States",11/27/2018,39.6,31.8,35.9,22.1,,0,0,0,25.3,302.88,39.8,9.9,64.3,43.83,Partially cloudy
"Washington, DC, United States",11/28/2018,42,31.7,36.1,22.6,,0,0,0,13.9,260.58,25.3,9.9,56.6,49.56,Partially cloudy
"Washington, DC, United States",11/29/2018,46.8,37.6,41.3,32.6,,0.01,0,0,8.7,60.04,,9.9,86.2,59.47,"Rain, Overcast"
"Washington, DC, United States",11/30/2018,43.8,37.3,40.8,35.5,,0.17,0,0,6.9,54.25,,6.1,93.7,83.94,"Rain, Overcast"
"Washington, DC, United States",12-01-2018,57,43.8,49.7,39.8,,0.14,0,0,11,184.58,,4.8,99.3,91.67,"Rain, Overcast"
"Washington, DC, United States",12-02-2018,61.8,47.7,54.5,42.5,,0,0,0,14.7,276.63,23,9,68.3,64.96,Partially cloudy
"Washington, DC, United States",12-03-2018,47.8,37.6,42.6,30.3,,0,0,0,15.6,322.13,24.2,9.9,84.4,51.73,Overcast
"Washington, DC, United States",12-04-2018,39.7,33.6,36,27,,0,0,0,10.3,203.42,,9.9,85.7,57.2,Overcast
"Washington, DC, United States",12-05-2018,44,32.5,38.8,26.5,,0,0,0,13.2,239.88,20.5,9.9,84.3,51.44,Overcast
"Washington, DC, United States",12-06-2018,42.9,33.1,38.6,26.7,,0,0,0,17.6,269.96,22.9,9.9,45.3,47.46,Partially cloudy
"Washington, DC, United States",12-07-2018,39.6,27.5,33.4,27.1,,0,0,0,14.5,203.46,18.3,9.9,75.1,53.7,Overcast
"Washington, DC, United States",12-08-2018,34.8,31.7,33.5,24.7,,0,0,0,13.3,28.46,,9.9,90.9,54.16,Overcast
"Washington, DC, United States",12-09-2018,40.7,29.7,34.3,19.7,,0,0,0,14.4,210.88,17.2,9.9,74.3,55.09,Partially cloudy
"Washington, DC, United States",12-10-2018,46,27.4,34.9,19.9,,0,0,0,8.8,260.46,,9.9,11.8,60.04,Clear
"Washington, DC, United States",12-11-2018,46,31.2,39,28.2,,0,0,0,10.1,179.17,,9.9,71.1,55.08,Partially cloudy
"Washington, DC, United States",12-12-2018,52.9,36.6,43.6,31.9,,0,0,0,6.5,119.33,,9.9,84.2,62.18,Overcast
"Washington, DC, United States",12/13/2018,47.9,37.5,43.8,32.6,,0.27,0,0,8.4,55.88,,7.3,91.2,81.16,"Rain, Overcast"
"Washington, DC, United States",12/14/2018,54.4,47.8,51.4,43.6,,1.53,0,0,18.1,30.21,26.2,3.6,99.9,91.51,"Rain, Overcast"
"Washington, DC, United States",12/15/2018,51.2,42.8,46.5,36.8,,0.95,0,0,14.7,176.25,21.9,6.1,99.9,86.64,"Rain, Overcast"
"Washington, DC, United States",12/16/2018,57.4,41.8,47.8,36,,0,0,0,17.1,273.42,29,9.9,73.8,56.74,Partially cloudy
"Washington, DC, United States",12/17/2018,46.8,37.1,41.9,30,,0,0,0,16.5,304.42,27.7,9.9,37.5,45.69,Partially cloudy
"Washington, DC, United States",12/18/2018,49.9,31.2,39.2,24.5,,0,0,0,9.3,168.5,,9.9,54,64.21,Partially cloudy
"Washington, DC, United States",12/19/2018,50.4,35.2,41.1,29.6,,0.31,0,0,13.1,63.13,23,7.6,74,82.14,"Rain, Partially cloudy"
"Washington, DC, United States",12/20/2018,65,52.9,60.5,,,0.22,0,0,19.6,172.96,30.2,9.9,91.8,84.87,"Rain, Overcast"
"Washington, DC, United States",12/21/2018,52.9,43.7,47.7,37.4,,0.02,0,0,21.4,297.08,33,9.9,69.1,57.03,"Rain, Partially cloudy"
"Washington, DC, United States",12/22/2018,48.6,37.6,43.5,30.8,,0.02,0,0,13.1,244.96,21.9,9.9,40.7,58.31,"Rain, Partially cloudy"
"Washington, DC, United States",12/23/2018,47.7,40.5,44.2,35.9,,0,0,0,18.9,283.83,28.9,9.9,64.6,56.65,Partially cloudy
"Washington, DC, United States",12/24/2018,42.8,35.1,38.6,28.9,,0,0,0,11.2,332.17,,9.9,72.7,49.14,Partially cloudy
"Washington, DC, United States",12/25/2018,47.1,30.2,37.8,27.1,,0,0,0,8.8,113.5,,9.9,4.1,64.55,Clear
"Washington, DC, United States",12/26/2018,51.9,33.4,42.4,30.9,,0,0,0,9.5,131.88,18.3,9.9,59,66.21,Partially cloudy
"Washington, DC, United States",12/27/2018,56.7,43.9,49,40.7,,0.96,0,0,10.6,163.67,19.7,4.5,95.6,91.39,"Rain, Overcast"
"Washington, DC, United States",12/28/2018,56.8,42.3,49.1,36,,0,0,0,16.6,250.33,23,7.9,72.6,71.81,Partially cloudy
"Washington, DC, United States",12/29/2018,46.9,39.1,42.5,35.9,,0,0,0,9.7,145.88,,9.9,82.2,65.89,Overcast
"Washington, DC, United States",12/30/2018,50,38.4,44.1,34.4,,0.53,0,0,7,65.83,,6.6,96.2,86.24,"Rain, Overcast"
